random_seed,fold,threshold,r2,alpha,l1_ratio,rutina__sentiment__NEG,rutina__sentiment__NEU,rutina__sentiment__POS,agradable__sentiment__NEG,agradable__sentiment__NEU,agradable__sentiment__POS,agradable__rutina__dem__age,agradable__rutina__dem__sex
3,0,[None],-0.08294886114555777,3745.401194728224,0.9507143064099162,1,1,1,1,1,1,1,1
3,1,[None],-0.0691816830778178,3114.738851860683,0.0,0,0,1,0,1,1,1,0
3,2,[None],-0.08686361975895962,3745.401194728224,0.9507143064099162,1,1,1,1,1,1,1,1
3,3,[None],-0.03366583541147117,3745.401194728224,0.9507143064099162,1,1,1,1,1,1,1,1
3,4,[None],-0.05044157608695632,3745.401194728224,0.9507143064099162,1,1,1,1,1,1,1,1
