random_seed,fold,threshold,r2,alpha,rutina__sentiment__NEG,rutina__sentiment__NEU,rutina__sentiment__POS,video_retelling__sentiment__NEG,video_retelling__sentiment__NEU,video_retelling__sentiment__POS
3,0,[None],-0.020250494641920858,3745.401194728224,1,1,1,1,1,1
3,1,[None],-0.11174801479080632,3745.401194728224,1,1,1,1,1,1
3,2,[None],-0.07889324102722828,3745.401194728224,1,1,1,1,1,1
3,3,[None],0.17423282853870026,0.05535276332334463,1,0,1,0,0,1
3,4,[None],-0.009495641344956507,3745.401194728224,1,1,1,1,1,1
