y_pred,y_true,id
27.85449022896929,29,cu108
20.72140294304759,22,cu146
16.351924900525454,17,tell002
17.2218403761281,22,tell006
24.32398739576786,17,tell007
25.812606332444222,28,tell009
21.569741435863122,28,tell014
23.653922008307756,16,tell021
21.256325031906584,23,tell053
22.70005552051623,24,tell058
21.39931755865874,28,tell060
19.180012397340064,14,tell062
20.921067432650684,13,tell063
26.301351661076296,10,tell065
27.539706102490243,23,tell070
