y_pred,y_true,id
20.15027671284496,30.0,cu108
16.525590074310394,30.0,cu146
19.968695890460793,16.0,tell002
13.661460611538594,13.0,tell006
21.30806923617509,14.0,tell007
22.137507895086863,21.0,tell009
29.15374053675385,26.0,tell014
18.185863677051852,24.0,tell053
19.350185829606556,16.0,tell058
21.176131645481487,30.0,tell060
17.544349295725276,8.0,tell062
17.459137585647156,9.0,tell063
22.311711005242284,10.0,tell065
23.073021692497026,24.0,tell070
