y_pred,y_true,id
24.392387460274602,29,cu108
23.428735163863195,22,cu146
23.215877261038422,17,tell002
22.523649044108023,22,tell006
18.04779760277369,17,tell007
23.444882173500208,28,tell009
20.20304051788461,28,tell014
20.487530898891617,16,tell021
25.190024052533822,23,tell053
21.600961651067895,24,tell058
23.070104565118136,28,tell060
23.382550426909503,14,tell062
24.411978404809386,13,tell063
23.307520044190213,10,tell065
22.89324088197242,23,tell070
