y_pred,y_true,id
23.959749584301477,29,cu108
24.835273404213194,22,cu146
23.227272727272727,17,tell002
19.156916173587536,22,tell006
20.33638286792918,17,tell007
22.132708849539632,28,tell009
24.555912954519957,28,tell014
21.322983150274638,16,tell021
23.458161809846317,23,tell053
20.617155940594913,24,tell058
25.92083237562694,28,tell060
22.890726694938326,14,tell062
20.26371530334832,13,tell063
23.998246182244724,10,tell065
23.461731049800385,23,tell070
