y_pred,y_true,id
21.615158154450928,30.0,cu108
20.47655897048363,30.0,cu146
20.23076923076923,16.0,tell002
19.042192327740594,13.0,tell006
19.8715758373394,14.0,tell007
21.832791581953234,21.0,tell009
23.953409385896567,26.0,tell014
22.83387756026568,24.0,tell053
19.304300815636566,16.0,tell058
22.323602166664433,30.0,tell060
17.282253790454845,8.0,tell062
19.968882666159143,9.0,tell063
19.415580627463214,10.0,tell065
21.840088898397195,24.0,tell070
