y_pred,y_true,id
22.25820937028266,29,cu108
21.363526755274975,22,cu146
23.21487930234083,17,tell002
22.97426099288477,22,tell006
21.24655269550009,17,tell007
23.99731777662556,28,tell009
25.00173859275955,28,tell014
22.038047437513978,16,tell021
23.093800947387656,23,tell053
23.95204318705965,24,tell058
23.64562352874217,28,tell060
22.459204904739863,14,tell062
22.39291585025297,13,tell063
21.05199537837629,10,tell065
22.460601666235803,23,tell070
