y_pred,y_true,id
24.06153867537413,29,cu108
24.04216053527907,22,cu146
24.090447614515796,17,tell002
25.240309889357817,22,tell006
23.664857581719836,17,tell007
23.86002627637136,28,tell009
26.989835246967935,28,tell014
23.63575025817063,16,tell021
22.168357726259757,23,tell053
23.678287648820955,24,tell058
24.050717136506616,28,tell060
23.878916197469437,14,tell062
22.64243756607714,13,tell063
24.34515990563937,10,tell065
23.961287019354735,23,tell070
