random_seed,fold,threshold,r2,alpha,rutina__word_properties__mean_log_frq,rutina__word_properties__mean_num_phonemes,rutina__word_properties__mean_num_syll,rutina__word_properties__mean_phon_neigh
3,0,[None],-0.020250494641920858,3745.401194728224,1,1,1,1
3,1,[None],-0.11174801479080632,3745.401194728224,1,1,1,1
3,2,[None],-0.07889324102722828,3745.401194728224,1,1,1,1
3,3,[None],-0.02036166538756712,3745.401194728224,1,1,1,1
3,4,[None],0.014764322209094627,0.08070068288882234,1,0,0,0
