random_seed,fold,threshold,r2,alpha,l1_ratio,agradable__word_properties__mean_log_frq,agradable__word_properties__mean_num_phonemes,agradable__word_properties__mean_num_syll,agradable__word_properties__mean_phon_neigh
3,0,[None],-0.048784687118937464,4.0123002139148705,0.0,1,0,1,1
3,1,[None],-0.06929250393838537,3745.401194728224,0.9507143064099162,1,1,1,1
3,2,[None],-0.08686361975895962,3745.401194728224,0.9507143064099162,1,1,1,1
3,3,[None],-0.03366583541147117,3745.401194728224,0.9507143064099162,1,1,1,1
3,4,[None],-0.05044157608695632,3745.401194728224,0.9507143064099162,1,1,1,1
