random_seed,fold,threshold,r2,C,gamma,agradable__speech_timing__nsyll,agradable__speech_timing__npauses,agradable__speech_timing__speechrate,agradable__speech_timing__mean_syllable_duration,agradable__speech_timing__syllable_duration_std,agradable__speech_timing__mean_pause_duration,agradable__speech_timing__pause_duration_std
3,0,[None],-0.11062188232115866,2.8835806395450057,9703.566824871024,1,1,1,1,1,1,1
3,1,[None],-0.08945919805995084,30.424293871729475,5247.564363846735,1,1,1,1,1,1,1
3,2,[None],-0.1669246970985796,29.21453563905696,3663.618496300733,1,1,1,1,1,1,1
3,3,[None],-0.15816411936037444,60.111541062819704,7080.725807153198,1,1,1,1,1,1,1
3,4,[None],-0.15938499829139086,3.5907889033580465,9002.31135309353,1,1,1,1,1,1,1
