y_pred,y_true,id
23.227272727272727,29,cu108
23.227272727272727,22,cu146
23.227272727272727,17,tell002
23.227272727272727,22,tell006
23.227272727272727,17,tell007
23.227272727272727,28,tell009
23.227272727272727,28,tell014
23.227272727272727,16,tell021
23.227272727272727,23,tell053
23.227272727272727,24,tell058
23.227272727272727,28,tell060
23.227272727272727,14,tell062
23.227272727272727,13,tell063
23.227272727272727,10,tell065
23.227272727272727,23,tell070
