y_pred,y_true,id
20.82024969035227,30.0,cu108
22.17838765261277,30.0,cu146
20.34027666321905,16.0,tell002
20.360918531734253,13.0,tell006
18.754719117572133,14.0,tell007
23.22556997295783,21.0,tell009
22.840460846805207,26.0,tell014
23.467064858198054,24.0,tell053
18.38628062812245,16.0,tell058
24.492587982520945,30.0,tell060
19.010502827540375,8.0,tell062
19.806679644232172,9.0,tell063
20.88476751369416,10.0,tell065
18.890473479544003,24.0,tell070
