y_pred,y_true,id
20.22516046447105,30.0,cu108
20.211523225051042,30.0,cu146
20.234255497071175,16.0,tell002
20.261864039095396,13.0,tell006
20.223552704235818,14.0,tell007
20.205714553025764,21.0,tell009
20.172463792058316,26.0,tell014
20.157838988117042,24.0,tell053
20.27483191622075,16.0,tell058
20.188753125526844,30.0,tell060
20.295756693064625,8.0,tell062
20.267866809986728,9.0,tell063
20.277979489033203,10.0,tell065
20.212172360665154,24.0,tell070
