y_pred,y_true,id
20.086542515660707,30.0,cu108
20.084674217701938,30.0,cu146
20.10186329909455,16.0,tell002
20.10236458877524,13.0,tell006
20.08949040267283,14.0,tell007
20.104990994317593,21.0,tell009
20.15394102391467,26.0,tell014
20.098856997250035,24.0,tell053
20.14502599959732,16.0,tell058
20.102835411553063,30.0,tell060
19.87909780290623,8.0,tell062
20.09983249595649,9.0,tell063
20.041713795737017,10.0,tell065
20.076596895994786,24.0,tell070
