y_pred,y_true,id
20.85137728650245,30.0,cu108
18.84461168297916,30.0,cu146
18.288733553737117,16.0,tell002
16.317895049190753,13.0,tell006
21.78350953843346,14.0,tell007
22.69300993481791,21.0,tell009
23.42656222161791,26.0,tell014
22.351013563313547,24.0,tell053
18.064119969445546,16.0,tell058
22.071819734023787,30.0,tell060
22.001552474536524,8.0,tell062
17.5259000745652,9.0,tell063
20.232000963216006,10.0,tell065
23.220212205914077,24.0,tell070
