random_seed,fold,threshold,r2,alpha,l1_ratio,agradable__sentiment__NEG,agradable__sentiment__NEU,agradable__sentiment__POS
3,0,[None],,3745.401194728224,0.9507143064099162,1,1,1
3,1,[None],,3745.401194728224,0.9507143064099162,1,1,1
3,2,[None],,3745.401194728224,0.9507143064099162,1,1,1
3,3,[None],,3745.401194728224,0.9507143064099162,1,1,1
3,4,[None],,3745.401194728224,0.9507143064099162,1,1,1
