y_pred,y_true,id
21.281683691330116,30.0,cu108
20.431634154804478,30.0,cu146
20.593655047850056,16.0,tell002
22.01536543360895,13.0,tell006
20.770709759806337,14.0,tell007
23.45391772331647,21.0,tell009
22.357244675058997,26.0,tell014
17.21549018813177,24.0,tell053
17.84762890729951,16.0,tell058
20.97043226931786,30.0,tell060
17.580971973904287,8.0,tell062
20.63956552632285,9.0,tell063
27.057204932683472,10.0,tell065
17.71094340242839,24.0,tell070
